DateTime,Tariff,kWhs_used,numbSmMtrs
1/1/2013 0:00,Normal,0.251,5500
1/1/2013 0:30,Normal,0.232,5500
1/1/2013 1:00,Normal,0.212,5500
1/1/2013 1:30,Normal,0.194,5500
1/1/2013 2:00,Normal,0.178,5500
1/1/2013 2:30,Normal,0.163,5500
1/1/2013 3:00,Normal,0.15,5500
1/1/2013 3:30,Normal,0.142,5500
1/1/2013 4:00,Normal,0.134,5500
1/1/2013 4:30,Normal,0.13,5500
1/1/2013 5:00,Normal,0.128,5500
1/1/2013 5:30,Normal,0.128,5500
1/1/2013 6:00,Normal,0.13,5500
1/1/2013 6:30,Normal,0.139,5500
1/1/2013 7:00,Normal,0.139,5500
1/1/2013 7:30,Normal,0.149,5500
1/1/2013 8:00,Normal,0.161,5500
1/1/2013 8:30,Normal,0.175,5500
1/1/2013 9:00,Normal,0.19,5500
1/1/2013 9:30,Normal,0.205,5500
1/1/2013 10:00,Normal,0.217,5500
1/1/2013 10:30,Normal,0.228,5500
1/1/2013 11:00,Normal,0.241,5500
1/1/2013 11:30,Normal,0.251,5500
1/1/2013 12:00,Normal,0.254,5500
1/1/2013 12:30,Normal,0.258,5500
1/1/2013 13:00,Normal,0.265,5500
1/1/2013 13:30,Normal,0.267,5500
1/1/2013 14:00,Normal,0.265,5500
1/1/2013 14:30,Normal,0.269,5500
1/1/2013 15:00,Normal,0.272,5500
1/1/2013 15:30,Normal,0.281,5500
1/1/2013 16:00,Normal,0.293,5500
1/1/2013 16:30,Normal,0.328,5500
1/1/2013 17:00,Normal,0.352,5500
1/1/2013 17:30,Normal,0.38,5500
1/1/2013 18:00,Normal,0.388,5500
1/1/2013 18:30,Normal,0.394,5500
1/1/2013 19:00,Normal,0.386,5500
1/1/2013 19:30,Normal,0.386,5500
1/1/2013 20:00,Normal,0.372,5500
1/1/2013 20:30,Normal,0.356,5500
1/1/2013 21:00,Normal,0.344,5500
1/1/2013 21:30,Normal,0.335,5500
1/1/2013 22:00,Normal,0.323,5500
1/1/2013 22:30,Normal,0.304,5500
1/1/2013 23:00,Normal,0.273,5500
1/1/2013 23:30,Normal,0.239,5500
1/2/2013 0:00,Normal,0.236,5504
1/2/2013 0:30,Normal,0.205,5504
1/2/2013 1:00,Normal,0.186,5504
1/2/2013 1:30,Normal,0.166,5504
1/2/2013 2:00,Normal,0.149,5504
1/2/2013 2:30,Normal,0.138,5504
1/2/2013 3:00,Normal,0.133,5504
1/2/2013 3:30,Normal,0.13,5504
1/2/2013 4:00,Normal,0.126,5504
1/2/2013 4:30,Normal,0.126,5504
1/2/2013 5:00,Normal,0.126,5504
1/2/2013 5:30,Normal,0.133,5504
1/2/2013 6:00,Normal,0.139,5504
1/2/2013 6:30,Normal,0.157,5504
1/2/2013 7:00,Normal,0.166,5504
1/2/2013 7:30,Normal,0.188,5504
1/2/2013 8:00,Normal,0.206,5504
1/2/2013 8:30,Normal,0.225,5504
1/2/2013 9:00,Normal,0.23,5504
1/2/2013 9:30,Normal,0.238,5504
1/2/2013 10:00,Normal,0.239,5504
1/2/2013 10:30,Normal,0.243,5504
1/2/2013 11:00,Normal,0.246,5504
1/2/2013 11:30,Normal,0.25,5504
1/2/2013 12:00,Normal,0.253,5504
1/2/2013 12:30,Normal,0.263,5504
1/2/2013 13:00,Normal,0.266,5504
1/2/2013 13:30,Normal,0.268,5504
1/2/2013 14:00,Normal,0.262,5504
1/2/2013 14:30,Normal,0.267,5504
1/2/2013 15:00,Normal,0.271,5504
1/2/2013 15:30,Normal,0.281,5504
1/2/2013 16:00,Normal,0.296,5504
1/2/2013 16:30,Normal,0.317,5504
1/2/2013 17:00,Normal,0.341,5504
1/2/2013 17:30,Normal,0.365,5504
1/2/2013 18:00,Normal,0.379,5504
1/2/2013 18:30,Normal,0.392,5504
1/2/2013 19:00,Normal,0.395,5504
1/2/2013 19:30,Normal,0.397,5504
1/2/2013 20:00,Normal,0.393,5504
1/2/2013 20:30,Normal,0.379,5504
1/2/2013 21:00,Normal,0.364,5504
1/2/2013 21:30,Normal,0.345,5504
1/2/2013 22:00,Normal,0.324,5504
1/2/2013 22:30,Normal,0.307,5504
1/2/2013 23:00,Normal,0.272,5504
1/2/2013 23:30,Normal,0.238,5504
1/3/2013 0:00,Normal,0.234,5501
1/3/2013 0:30,Normal,0.203,5501
1/3/2013 1:00,Normal,0.181,5501
1/3/2013 1:30,Normal,0.161,5501
1/3/2013 2:00,Normal,0.147,5501
1/3/2013 2:30,Normal,0.138,5501
1/3/2013 3:00,Normal,0.129,5501
1/3/2013 3:30,Normal,0.124,5501
1/3/2013 4:00,Normal,0.122,5501
1/3/2013 4:30,Normal,0.121,5501
1/3/2013 5:00,Normal,0.122,5501
1/3/2013 5:30,Normal,0.128,5501
1/3/2013 6:00,Normal,0.14,5501
1/3/2013 6:30,Normal,0.158,5501
1/3/2013 7:00,Normal,0.169,5501
1/3/2013 7:30,Normal,0.193,5501
1/3/2013 8:00,Normal,0.212,5501
1/3/2013 8:30,Normal,0.225,5501
1/3/2013 9:00,Normal,0.227,5501
1/3/2013 9:30,Normal,0.228,5501
1/3/2013 10:00,Normal,0.229,5501
1/3/2013 10:30,Normal,0.228,5501
1/3/2013 11:00,Normal,0.227,5501
1/3/2013 11:30,Normal,0.232,5501
1/3/2013 12:00,Normal,0.235,5501
1/3/2013 12:30,Normal,0.24,5501
1/3/2013 13:00,Normal,0.237,5501
1/3/2013 13:30,Normal,0.232,5501
1/3/2013 14:00,Normal,0.224,5501
1/3/2013 14:30,Normal,0.23,5501
1/3/2013 15:00,Normal,0.231,5501
1/3/2013 15:30,Normal,0.239,5501
1/3/2013 16:00,Normal,0.258,5501
1/3/2013 16:30,Normal,0.288,5501
1/3/2013 17:00,Normal,0.322,5501
1/3/2013 17:30,Normal,0.348,5501
1/3/2013 18:00,Normal,0.366,5501
1/3/2013 18:30,Normal,0.379,5501
1/3/2013 19:00,Normal,0.385,5501
1/3/2013 19:30,Normal,0.383,5501
1/3/2013 20:00,Normal,0.367,5501
1/3/2013 20:30,Normal,0.357,5501
1/3/2013 21:00,Normal,0.349,5501
1/3/2013 21:30,Normal,0.332,5501
1/3/2013 22:00,Normal,0.313,5501
1/3/2013 22:30,Normal,0.3,5501
1/3/2013 23:00,Normal,0.271,5501
1/3/2013 23:30,Normal,0.234,5501
1/4/2013 0:00,Normal,0.232,5484
1/4/2013 0:30,Normal,0.203,5484
1/4/2013 1:00,Normal,0.178,5484
1/4/2013 1:30,Normal,0.157,5484
1/4/2013 2:00,Normal,0.143,5484
1/4/2013 2:30,Normal,0.134,5484
1/4/2013 3:00,Normal,0.126,5484
1/4/2013 3:30,Normal,0.122,5484
1/4/2013 4:00,Normal,0.12,5484
1/4/2013 4:30,Normal,0.119,5484
1/4/2013 5:00,Normal,0.12,5484
1/4/2013 5:30,Normal,0.124,5484
1/4/2013 6:00,Normal,0.135,5484
1/4/2013 6:30,Normal,0.151,5484
1/4/2013 7:00,Normal,0.167,5484
1/4/2013 7:30,Normal,0.193,5484
1/4/2013 8:00,Normal,0.212,5484
1/4/2013 8:30,Normal,0.235,5484
1/4/2013 9:00,Normal,0.233,5484
1/4/2013 9:30,Normal,0.23,5484
1/4/2013 10:00,Normal,0.225,5484
1/4/2013 10:30,Normal,0.225,5484
1/4/2013 11:00,Normal,0.227,5484
1/4/2013 11:30,Normal,0.231,5484
1/4/2013 12:00,Normal,0.227,5484
1/4/2013 12:30,Normal,0.233,5484
1/4/2013 13:00,Normal,0.231,5484
1/4/2013 13:30,Normal,0.236,5484
1/4/2013 14:00,Low,0.239,5484
1/4/2013 14:30,Low,0.259,5484
1/4/2013 15:00,Low,0.261,5484
1/4/2013 15:30,Low,0.266,5484
1/4/2013 16:00,Low,0.279,5484
1/4/2013 16:30,Low,0.314,5484
1/4/2013 17:00,Normal,0.334,5484
1/4/2013 17:30,Normal,0.352,5484
1/4/2013 18:00,Normal,0.363,5484
1/4/2013 18:30,Normal,0.372,5484
1/4/2013 19:00,Normal,0.377,5484
1/4/2013 19:30,Normal,0.371,5484
1/4/2013 20:00,Normal,0.363,5484
1/4/2013 20:30,Normal,0.346,5484
1/4/2013 21:00,Normal,0.334,5484
1/4/2013 21:30,Normal,0.32,5484
1/4/2013 22:00,Normal,0.31,5484
1/4/2013 22:30,Normal,0.292,5484
1/4/2013 23:00,Normal,0.27,5484
1/4/2013 23:30,Normal,0.238,5484
1/5/2013 0:00,Normal,0.237,5495
1/5/2013 0:30,Normal,0.212,5495
1/5/2013 1:00,Normal,0.189,5495
1/5/2013 1:30,Normal,0.168,5495
1/5/2013 2:00,Normal,0.151,5495
1/5/2013 2:30,Normal,0.141,5495
1/5/2013 3:00,Normal,0.132,5495
1/5/2013 3:30,Normal,0.126,5495
1/5/2013 4:00,Normal,0.122,5495
1/5/2013 4:30,Normal,0.122,5495
1/5/2013 5:00,Normal,0.121,5495
1/5/2013 5:30,Normal,0.124,5495
1/5/2013 6:00,Normal,0.13,5495
1/5/2013 6:30,Normal,0.139,5495
1/5/2013 7:00,Normal,0.147,5495
1/5/2013 7:30,Normal,0.162,5495
1/5/2013 8:00,Normal,0.184,5495
1/5/2013 8:30,Normal,0.207,5495
1/5/2013 9:00,Normal,0.223,5495
1/5/2013 9:30,Normal,0.237,5495
1/5/2013 10:00,Normal,0.244,5495
1/5/2013 10:30,Normal,0.253,5495
1/5/2013 11:00,Normal,0.259,5495
1/5/2013 11:30,Normal,0.261,5495
1/5/2013 12:00,Normal,0.262,5495
1/5/2013 12:30,Normal,0.267,5495
1/5/2013 13:00,Normal,0.271,5495
1/5/2013 13:30,Normal,0.272,5495
1/5/2013 14:00,Normal,0.268,5495
1/5/2013 14:30,Normal,0.266,5495
1/5/2013 15:00,Normal,0.267,5495
1/5/2013 15:30,Normal,0.274,5495
1/5/2013 16:00,Normal,0.288,5495
1/5/2013 16:30,Normal,0.317,5495
1/5/2013 17:00,Normal,0.339,5495
1/5/2013 17:30,Normal,0.355,5495
1/5/2013 18:00,Normal,0.369,5495
1/5/2013 18:30,Normal,0.386,5495
1/5/2013 19:00,Normal,0.382,5495
1/5/2013 19:30,Normal,0.375,5495
1/5/2013 20:00,Normal,0.357,5495
1/5/2013 20:30,Normal,0.346,5495
1/5/2013 21:00,Normal,0.33,5495
1/5/2013 21:30,Normal,0.317,5495
1/5/2013 22:00,Normal,0.304,5495
1/5/2013 22:30,Normal,0.292,5495
1/5/2013 23:00,Normal,0.273,5495
1/5/2013 23:30,Normal,0.244,5495
1/6/2013 0:00,Normal,0.246,5461
1/6/2013 0:30,Normal,0.221,5461
1/6/2013 1:00,Normal,0.195,5461
1/6/2013 1:30,Normal,0.173,5461
1/6/2013 2:00,Normal,0.154,5461
1/6/2013 2:30,Normal,0.143,5461
1/6/2013 3:00,Normal,0.131,5461
1/6/2013 3:30,Normal,0.123,5461
1/6/2013 4:00,Normal,0.122,5461
1/6/2013 4:30,Normal,0.119,5461
1/6/2013 5:00,Normal,0.118,5461
1/6/2013 5:30,Normal,0.12,5461
1/6/2013 6:00,Normal,0.127,5461
1/6/2013 6:30,Normal,0.137,5461
1/6/2013 7:00,Normal,0.14,5461
1/6/2013 7:30,Normal,0.154,5461
1/6/2013 8:00,Normal,0.169,5461
1/6/2013 8:30,Normal,0.2,5461
1/6/2013 9:00,Normal,0.22,5461
1/6/2013 9:30,Normal,0.24,5461
1/6/2013 10:00,Normal,0.255,5461
1/6/2013 10:30,Normal,0.267,5461
1/6/2013 11:00,Normal,0.272,5461
1/6/2013 11:30,Normal,0.275,5461
1/6/2013 12:00,Normal,0.28,5461
1/6/2013 12:30,Normal,0.298,5461
1/6/2013 13:00,Normal,0.313,5461
1/6/2013 13:30,Normal,0.317,5461
1/6/2013 14:00,Normal,0.318,5461
1/6/2013 14:30,Normal,0.311,5461
1/6/2013 15:00,Normal,0.315,5461
1/6/2013 15:30,Normal,0.319,5461
1/6/2013 16:00,Normal,0.328,5461
1/6/2013 16:30,Normal,0.354,5461
1/6/2013 17:00,Normal,0.376,5461
1/6/2013 17:30,Normal,0.396,5461
1/6/2013 18:00,Normal,0.401,5461
1/6/2013 18:30,Normal,0.407,5461
1/6/2013 19:00,Normal,0.404,5461
1/6/2013 19:30,Normal,0.401,5461
1/6/2013 20:00,Normal,0.383,5461
1/6/2013 20:30,Normal,0.372,5461
1/6/2013 21:00,Normal,0.359,5461
1/6/2013 21:30,Normal,0.339,5461
1/6/2013 22:00,Normal,0.321,5461
1/6/2013 22:30,Normal,0.3,5461
1/6/2013 23:00,Normal,0.265,5461
1/6/2013 23:30,Normal,0.226,5461
1/7/2013 0:00,Normal,0.22,5490
1/7/2013 0:30,Normal,0.196,5490
1/7/2013 1:00,Normal,0.17,5490
1/7/2013 1:30,Normal,0.152,5490
1/7/2013 2:00,Normal,0.137,5490
1/7/2013 2:30,Normal,0.127,5490
1/7/2013 3:00,Normal,0.122,5490
1/7/2013 3:30,Normal,0.119,5490
1/7/2013 4:00,Normal,0.118,5490
1/7/2013 4:30,Normal,0.118,5490
1/7/2013 5:00,Normal,0.12,5490
1/7/2013 5:30,Normal,0.127,5490
1/7/2013 6:00,Normal,0.138,5490
1/7/2013 6:30,Normal,0.162,5490
1/7/2013 7:00,Normal,0.186,5490
1/7/2013 7:30,Normal,0.215,5490
1/7/2013 8:00,Normal,0.236,5490
1/7/2013 8:30,Normal,0.249,5490
1/7/2013 9:00,Normal,0.244,5490
1/7/2013 9:30,Normal,0.239,5490
1/7/2013 10:00,Normal,0.241,5490
1/7/2013 10:30,Normal,0.235,5490
1/7/2013 11:00,Normal,0.235,5490
1/7/2013 11:30,Normal,0.244,5490
1/7/2013 12:00,Normal,0.239,5490
1/7/2013 12:30,Normal,0.242,5490
1/7/2013 13:00,Normal,0.243,5490
1/7/2013 13:30,Normal,0.244,5490
1/7/2013 14:00,Normal,0.238,5490
1/7/2013 14:30,Normal,0.239,5490
1/7/2013 15:00,Normal,0.235,5490
1/7/2013 15:30,Normal,0.244,5490
1/7/2013 16:00,Normal,0.264,5490
1/7/2013 16:30,Normal,0.291,5490
1/7/2013 17:00,Normal,0.326,5490
1/7/2013 17:30,Normal,0.357,5490
1/7/2013 18:00,Normal,0.367,5490
1/7/2013 18:30,Normal,0.393,5490
1/7/2013 19:00,Normal,0.404,5490
1/7/2013 19:30,Normal,0.397,5490
1/7/2013 20:00,Normal,0.387,5490
1/7/2013 20:30,Normal,0.372,5490
1/7/2013 21:00,Normal,0.358,5490
1/7/2013 21:30,Normal,0.346,5490
1/7/2013 22:00,Normal,0.326,5490
1/7/2013 22:30,Normal,0.307,5490
1/7/2013 23:00,High,0.268,5490
1/7/2013 23:30,High,0.222,5490
1/8/2013 0:00,High,0.217,5501
1/8/2013 0:30,High,0.192,5501
1/8/2013 1:00,High,0.169,5501
1/8/2013 1:30,High,0.151,5501
1/8/2013 2:00,Normal,0.138,5501
1/8/2013 2:30,Normal,0.128,5501
1/8/2013 3:00,Normal,0.122,5501
1/8/2013 3:30,Normal,0.118,5501
1/8/2013 4:00,Normal,0.119,5501
1/8/2013 4:30,Normal,0.116,5501
1/8/2013 5:00,Normal,0.118,5501
1/8/2013 5:30,Normal,0.127,5501
1/8/2013 6:00,Normal,0.139,5501
1/8/2013 6:30,Normal,0.164,5501
1/8/2013 7:00,Normal,0.194,5501
1/8/2013 7:30,Normal,0.227,5501
1/8/2013 8:00,Normal,0.251,5501
1/8/2013 8:30,Normal,0.251,5501
1/8/2013 9:00,Normal,0.233,5501
1/8/2013 9:30,Normal,0.229,5501
1/8/2013 10:00,Normal,0.22,5501
1/8/2013 10:30,Normal,0.22,5501
1/8/2013 11:00,Normal,0.214,5501
1/8/2013 11:30,Normal,0.206,5501
1/8/2013 12:00,Normal,0.208,5501
1/8/2013 12:30,Normal,0.209,5501
1/8/2013 13:00,Normal,0.214,5501
1/8/2013 13:30,Normal,0.217,5501
1/8/2013 14:00,Normal,0.215,5501
1/8/2013 14:30,Normal,0.217,5501
1/8/2013 15:00,Normal,0.22,5501
1/8/2013 15:30,Normal,0.224,5501
1/8/2013 16:00,Normal,0.239,5501
1/8/2013 16:30,Normal,0.279,5501
1/8/2013 17:00,Normal,0.318,5501
1/8/2013 17:30,Normal,0.351,5501
1/8/2013 18:00,Normal,0.364,5501
1/8/2013 18:30,Normal,0.382,5501
1/8/2013 19:00,Normal,0.386,5501
1/8/2013 19:30,Normal,0.387,5501
1/8/2013 20:00,Normal,0.374,5501
1/8/2013 20:30,Normal,0.368,5501
1/8/2013 21:00,Normal,0.352,5501
1/8/2013 21:30,Normal,0.342,5501
1/8/2013 22:00,Normal,0.32,5501
1/8/2013 22:30,Normal,0.298,5501
1/8/2013 23:00,Normal,0.266,5501
1/8/2013 23:30,Normal,0.225,5501
1/9/2013 0:00,Normal,0.22,5433
1/9/2013 0:30,Normal,0.188,5433
1/9/2013 1:00,Normal,0.169,5433
1/9/2013 1:30,Normal,0.149,5433
1/9/2013 2:00,Normal,0.137,5433
1/9/2013 2:30,Normal,0.127,5433
1/9/2013 3:00,Normal,0.122,5433
1/9/2013 3:30,Normal,0.119,5433
1/9/2013 4:00,Normal,0.119,5433
1/9/2013 4:30,Normal,0.117,5433
1/9/2013 5:00,Normal,0.12,5433
1/9/2013 5:30,Normal,0.129,5433
1/9/2013 6:00,Normal,0.141,5433
1/9/2013 6:30,Normal,0.164,5433
1/9/2013 7:00,Normal,0.19,5433
1/9/2013 7:30,Normal,0.232,5433
1/9/2013 8:00,Normal,0.257,5433
1/9/2013 8:30,Normal,0.258,5433
1/9/2013 9:00,Normal,0.242,5433
1/9/2013 9:30,Normal,0.236,5433
1/9/2013 10:00,Normal,0.238,5433
1/9/2013 10:30,Normal,0.225,5433
1/9/2013 11:00,Normal,0.223,5433
1/9/2013 11:30,Normal,0.22,5433
1/9/2013 12:00,Normal,0.217,5433
1/9/2013 12:30,Normal,0.216,5433
1/9/2013 13:00,Normal,0.22,5433
1/9/2013 13:30,Normal,0.215,5433
1/9/2013 14:00,Normal,0.211,5433
1/9/2013 14:30,Normal,0.211,5433
1/9/2013 15:00,Normal,0.208,5433
1/9/2013 15:30,Normal,0.212,5433
1/9/2013 16:00,Normal,0.224,5433
1/9/2013 16:30,Normal,0.266,5433
1/9/2013 17:00,Normal,0.309,5433
1/9/2013 17:30,Normal,0.346,5433
1/9/2013 18:00,Normal,0.361,5433
1/9/2013 18:30,Normal,0.387,5433
1/9/2013 19:00,Normal,0.393,5433
1/9/2013 19:30,Normal,0.388,5433
1/9/2013 20:00,Normal,0.385,5433
1/9/2013 20:30,Normal,0.374,5433
1/9/2013 21:00,Normal,0.365,5433
1/9/2013 21:30,Normal,0.346,5433
1/9/2013 22:00,Normal,0.325,5433
1/9/2013 22:30,Normal,0.308,5433
1/9/2013 23:00,Normal,0.276,5433
1/9/2013 23:30,Normal,0.233,5433
1/10/2013 0:00,Normal,0.229,5482
1/10/2013 0:30,Normal,0.202,5482
1/10/2013 1:00,Normal,0.177,5482
1/10/2013 1:30,Normal,0.159,5482
1/10/2013 2:00,Low,0.145,5482
1/10/2013 2:30,Low,0.14,5482
1/10/2013 3:00,Low,0.133,5482
1/10/2013 3:30,Low,0.129,5482
1/10/2013 4:00,Low,0.126,5482
1/10/2013 4:30,Low,0.125,5482
1/10/2013 5:00,Normal,0.128,5482
1/10/2013 5:30,Normal,0.135,5482
1/10/2013 6:00,Normal,0.145,5482
1/10/2013 6:30,Normal,0.171,5482
1/10/2013 7:00,Normal,0.199,5482
1/10/2013 7:30,Normal,0.242,5482
1/10/2013 8:00,Normal,0.267,5482
1/10/2013 8:30,Normal,0.267,5482
1/10/2013 9:00,Normal,0.253,5482
1/10/2013 9:30,Normal,0.246,5482
1/10/2013 10:00,Normal,0.242,5482
1/10/2013 10:30,Normal,0.232,5482
1/10/2013 11:00,Normal,0.229,5482
1/10/2013 11:30,Normal,0.23,5482
1/10/2013 12:00,Normal,0.234,5482
1/10/2013 12:30,Normal,0.238,5482
1/10/2013 13:00,Normal,0.24,5482
1/10/2013 13:30,Normal,0.243,5482
1/10/2013 14:00,Normal,0.243,5482
1/10/2013 14:30,Normal,0.242,5482
1/10/2013 15:00,Normal,0.24,5482
1/10/2013 15:30,Normal,0.238,5482
1/10/2013 16:00,Normal,0.263,5482
1/10/2013 16:30,Normal,0.305,5482
1/10/2013 17:00,Normal,0.338,5482
1/10/2013 17:30,Normal,0.365,5482
1/10/2013 18:00,Normal,0.385,5482
1/10/2013 18:30,Normal,0.404,5482
1/10/2013 19:00,Normal,0.415,5482
1/10/2013 19:30,Normal,0.411,5482
1/10/2013 20:00,Normal,0.401,5482
1/10/2013 20:30,Normal,0.389,5482
1/10/2013 21:00,Normal,0.379,5482
1/10/2013 21:30,Normal,0.361,5482
1/10/2013 22:00,Normal,0.336,5482
1/10/2013 22:30,Normal,0.317,5482
1/10/2013 23:00,Normal,0.288,5482
1/10/2013 23:30,Normal,0.246,5482
1/11/2013 0:00,Normal,0.24,5456
1/11/2013 0:30,Normal,0.211,5456
1/11/2013 1:00,Normal,0.185,5456
1/11/2013 1:30,Normal,0.167,5456
1/11/2013 2:00,Normal,0.153,5456
1/11/2013 2:30,Normal,0.144,5456
1/11/2013 3:00,Normal,0.135,5456
1/11/2013 3:30,Normal,0.134,5456
1/11/2013 4:00,Normal,0.129,5456
1/11/2013 4:30,Normal,0.13,5456
1/11/2013 5:00,Normal,0.133,5456
1/11/2013 5:30,Normal,0.14,5456
1/11/2013 6:00,Normal,0.155,5456
1/11/2013 6:30,Normal,0.178,5456
1/11/2013 7:00,Normal,0.203,5456
1/11/2013 7:30,Normal,0.247,5456
1/11/2013 8:00,Normal,0.272,5456
1/11/2013 8:30,Normal,0.275,5456
1/11/2013 9:00,Normal,0.264,5456
1/11/2013 9:30,Normal,0.258,5456
1/11/2013 10:00,Normal,0.256,5456
1/11/2013 10:30,Normal,0.248,5456
1/11/2013 11:00,High,0.243,5456
1/11/2013 11:30,High,0.232,5456
1/11/2013 12:00,High,0.235,5456
1/11/2013 12:30,High,0.233,5456
1/11/2013 13:00,High,0.235,5456
1/11/2013 13:30,High,0.233,5456
1/11/2013 14:00,Normal,0.228,5456
1/11/2013 14:30,Normal,0.231,5456
1/11/2013 15:00,Normal,0.229,5456
1/11/2013 15:30,Normal,0.239,5456
1/11/2013 16:00,Normal,0.259,5456
1/11/2013 16:30,Normal,0.295,5456
1/11/2013 17:00,Normal,0.337,5456
1/11/2013 17:30,Normal,0.365,5456
1/11/2013 18:00,Normal,0.383,5456
1/11/2013 18:30,Normal,0.398,5456
1/11/2013 19:00,Normal,0.404,5456
1/11/2013 19:30,Normal,0.408,5456
1/11/2013 20:00,Normal,0.388,5456
1/11/2013 20:30,Normal,0.372,5456
1/11/2013 21:00,Normal,0.361,5456
1/11/2013 21:30,Normal,0.349,5456
1/11/2013 22:00,Normal,0.329,5456
1/11/2013 22:30,Normal,0.314,5456
1/11/2013 23:00,Normal,0.286,5456
1/11/2013 23:30,Normal,0.254,5456
1/12/2013 0:00,Normal,0.254,5492
1/12/2013 0:30,Normal,0.231,5492
1/12/2013 1:00,Normal,0.204,5492
1/12/2013 1:30,Normal,0.179,5492
1/12/2013 2:00,Normal,0.164,5492
1/12/2013 2:30,Normal,0.153,5492
1/12/2013 3:00,Normal,0.144,5492
1/12/2013 3:30,Normal,0.136,5492
1/12/2013 4:00,Normal,0.132,5492
1/12/2013 4:30,Normal,0.131,5492
1/12/2013 5:00,Normal,0.132,5492
1/12/2013 5:30,Normal,0.14,5492
1/12/2013 6:00,Normal,0.143,5492
1/12/2013 6:30,Normal,0.156,5492
1/12/2013 7:00,Normal,0.167,5492
1/12/2013 7:30,Normal,0.186,5492
1/12/2013 8:00,Normal,0.216,5492
1/12/2013 8:30,Normal,0.245,5492
1/12/2013 9:00,Normal,0.27,5492
1/12/2013 9:30,Normal,0.278,5492
1/12/2013 10:00,Normal,0.287,5492
1/12/2013 10:30,Normal,0.287,5492
1/12/2013 11:00,Normal,0.295,5492
1/12/2013 11:30,Normal,0.297,5492
1/12/2013 12:00,Normal,0.296,5492
1/12/2013 12:30,Normal,0.304,5492
1/12/2013 13:00,Normal,0.315,5492
1/12/2013 13:30,Normal,0.312,5492
1/12/2013 14:00,Normal,0.307,5492
1/12/2013 14:30,Normal,0.302,5492
1/12/2013 15:00,Normal,0.303,5492
1/12/2013 15:30,Normal,0.306,5492
1/12/2013 16:00,Normal,0.314,5492
1/12/2013 16:30,Normal,0.342,5492
1/12/2013 17:00,Normal,0.373,5492
1/12/2013 17:30,Normal,0.397,5492
1/12/2013 18:00,Normal,0.409,5492
1/12/2013 18:30,Normal,0.421,5492
1/12/2013 19:00,Normal,0.42,5492
1/12/2013 19:30,Normal,0.409,5492
1/12/2013 20:00,Normal,0.396,5492
1/12/2013 20:30,Normal,0.378,5492
1/12/2013 21:00,Normal,0.361,5492
1/12/2013 21:30,Normal,0.352,5492
1/12/2013 22:00,Normal,0.334,5492
1/12/2013 22:30,Normal,0.317,5492
1/12/2013 23:00,Normal,0.292,5492
1/12/2013 23:30,Normal,0.262,5492
1/13/2013 0:00,Normal,0.264,5493
1/13/2013 0:30,Normal,0.235,5493
1/13/2013 1:00,Normal,0.21,5493
1/13/2013 1:30,Normal,0.186,5493
1/13/2013 2:00,Normal,0.169,5493
1/13/2013 2:30,Normal,0.156,5493
1/13/2013 3:00,Normal,0.148,5493
1/13/2013 3:30,Normal,0.141,5493
1/13/2013 4:00,Normal,0.136,5493
1/13/2013 4:30,Normal,0.135,5493
1/13/2013 5:00,High,0.134,5493
1/13/2013 5:30,High,0.136,5493
1/13/2013 6:00,High,0.14,5493
1/13/2013 6:30,High,0.151,5493
1/13/2013 7:00,High,0.158,5493
1/13/2013 7:30,High,0.178,5493
1/13/2013 8:00,High,0.199,5493
1/13/2013 8:30,High,0.228,5493
1/13/2013 9:00,High,0.25,5493
1/13/2013 9:30,High,0.272,5493
1/13/2013 10:00,High,0.283,5493
1/13/2013 10:30,High,0.299,5493
1/13/2013 11:00,Normal,0.304,5493
1/13/2013 11:30,Normal,0.309,5493
1/13/2013 12:00,Normal,0.322,5493
1/13/2013 12:30,Normal,0.335,5493
1/13/2013 13:00,Normal,0.338,5493
1/13/2013 13:30,Normal,0.334,5493
1/13/2013 14:00,Normal,0.33,5493
1/13/2013 14:30,Normal,0.323,5493
1/13/2013 15:00,Normal,0.323,5493
1/13/2013 15:30,Normal,0.337,5493
1/13/2013 16:00,Normal,0.358,5493
1/13/2013 16:30,Normal,0.382,5493
1/13/2013 17:00,Normal,0.41,5493
1/13/2013 17:30,Normal,0.431,5493
1/13/2013 18:00,Normal,0.443,5493
1/13/2013 18:30,Normal,0.443,5493
1/13/2013 19:00,Normal,0.442,5493
1/13/2013 19:30,Normal,0.438,5493
1/13/2013 20:00,Normal,0.426,5493
1/13/2013 20:30,Normal,0.417,5493
1/13/2013 21:00,Normal,0.4,5493
1/13/2013 21:30,Normal,0.382,5493
1/13/2013 22:00,Normal,0.356,5493
1/13/2013 22:30,Normal,0.33,5493
1/13/2013 23:00,Normal,0.296,5493
1/13/2013 23:30,Normal,0.25,5493
1/14/2013 0:00,Normal,0.244,5410
1/14/2013 0:30,Normal,0.219,5410
1/14/2013 1:00,Normal,0.193,5410
1/14/2013 1:30,Normal,0.175,5410
1/14/2013 2:00,Normal,0.161,5410
1/14/2013 2:30,Normal,0.152,5410
1/14/2013 3:00,Normal,0.143,5410
1/14/2013 3:30,Normal,0.138,5410
1/14/2013 4:00,Normal,0.134,5410
1/14/2013 4:30,Normal,0.134,5410
1/14/2013 5:00,Normal,0.138,5410
1/14/2013 5:30,Normal,0.149,5410
1/14/2013 6:00,Normal,0.16,5410
1/14/2013 6:30,Normal,0.191,5410
1/14/2013 7:00,Normal,0.217,5410
1/14/2013 7:30,Normal,0.26,5410
1/14/2013 8:00,Normal,0.29,5410
1/14/2013 8:30,Normal,0.297,5410
1/14/2013 9:00,Normal,0.282,5410
1/14/2013 9:30,Normal,0.267,5410
1/14/2013 10:00,Normal,0.267,5410
1/14/2013 10:30,Normal,0.268,5410
1/14/2013 11:00,Normal,0.265,5410
1/14/2013 11:30,Normal,0.261,5410
1/14/2013 12:00,Normal,0.265,5410
1/14/2013 12:30,Normal,0.276,5410
1/14/2013 13:00,Normal,0.28,5410
1/14/2013 13:30,Normal,0.279,5410
1/14/2013 14:00,Normal,0.279,5410
1/14/2013 14:30,Normal,0.281,5410
1/14/2013 15:00,Normal,0.285,5410
1/14/2013 15:30,Normal,0.292,5410
1/14/2013 16:00,Normal,0.305,5410
1/14/2013 16:30,Normal,0.327,5410
1/14/2013 17:00,Normal,0.352,5410
1/14/2013 17:30,Normal,0.391,5410
1/14/2013 18:00,Normal,0.409,5410
1/14/2013 18:30,Normal,0.424,5410
1/14/2013 19:00,Normal,0.44,5410
1/14/2013 19:30,Normal,0.44,5410
1/14/2013 20:00,Normal,0.431,5410
1/14/2013 20:30,Normal,0.415,5410
1/14/2013 21:00,Normal,0.403,5410
1/14/2013 21:30,Normal,0.384,5410
1/14/2013 22:00,Normal,0.36,5410
1/14/2013 22:30,Normal,0.334,5410
1/14/2013 23:00,Normal,0.301,5410
1/14/2013 23:30,Normal,0.254,5410
1/15/2013 0:00,Normal,0.247,5477
1/15/2013 0:30,Normal,0.217,5477
1/15/2013 1:00,Normal,0.194,5477
1/15/2013 1:30,Normal,0.173,5477
1/15/2013 2:00,Normal,0.161,5477
1/15/2013 2:30,Normal,0.154,5477
1/15/2013 3:00,Normal,0.147,5477
1/15/2013 3:30,Normal,0.141,5477
1/15/2013 4:00,Normal,0.137,5477
1/15/2013 4:30,Normal,0.138,5477
1/15/2013 5:00,Normal,0.14,5477
1/15/2013 5:30,Normal,0.153,5477
1/15/2013 6:00,Normal,0.166,5477
1/15/2013 6:30,Normal,0.191,5477
1/15/2013 7:00,Normal,0.219,5477
1/15/2013 7:30,Normal,0.261,5477
1/15/2013 8:00,Normal,0.282,5477
1/15/2013 8:30,Normal,0.285,5477
1/15/2013 9:00,Normal,0.27,5477
1/15/2013 9:30,Normal,0.263,5477
1/15/2013 10:00,Normal,0.259,5477
1/15/2013 10:30,Normal,0.253,5477
1/15/2013 11:00,Normal,0.253,5477
1/15/2013 11:30,Normal,0.252,5477
1/15/2013 12:00,Normal,0.254,5477
1/15/2013 12:30,Normal,0.26,5477
1/15/2013 13:00,Normal,0.259,5477
1/15/2013 13:30,Normal,0.261,5477
1/15/2013 14:00,Normal,0.26,5477
1/15/2013 14:30,Normal,0.255,5477
1/15/2013 15:00,Normal,0.256,5477
1/15/2013 15:30,Normal,0.268,5477
1/15/2013 16:00,Normal,0.287,5477
1/15/2013 16:30,Normal,0.317,5477
1/15/2013 17:00,Normal,0.351,5477
1/15/2013 17:30,Normal,0.382,5477
1/15/2013 18:00,Normal,0.404,5477
1/15/2013 18:30,Normal,0.425,5477
1/15/2013 19:00,Normal,0.433,5477
1/15/2013 19:30,Normal,0.428,5477
1/15/2013 20:00,Normal,0.424,5477
1/15/2013 20:30,Normal,0.421,5477
1/15/2013 21:00,Normal,0.409,5477
1/15/2013 21:30,Normal,0.388,5477
1/15/2013 22:00,Normal,0.362,5477
1/15/2013 22:30,Normal,0.337,5477
1/15/2013 23:00,Normal,0.301,5477
1/15/2013 23:30,Normal,0.256,5477
1/16/2013 0:00,Normal,0.25,5478
1/16/2013 0:30,Normal,0.219,5478
1/16/2013 1:00,Normal,0.196,5478
1/16/2013 1:30,Normal,0.177,5478
1/16/2013 2:00,Normal,0.161,5478
1/16/2013 2:30,Normal,0.154,5478
1/16/2013 3:00,Normal,0.149,5478
1/16/2013 3:30,Normal,0.145,5478
1/16/2013 4:00,Normal,0.143,5478
1/16/2013 4:30,Normal,0.142,5478
1/16/2013 5:00,Normal,0.145,5478
1/16/2013 5:30,Normal,0.154,5478
1/16/2013 6:00,Normal,0.171,5478
1/16/2013 6:30,Normal,0.2,5478
1/16/2013 7:00,Normal,0.223,5478
1/16/2013 7:30,Normal,0.262,5478
1/16/2013 8:00,Normal,0.293,5478
1/16/2013 8:30,Normal,0.301,5478
1/16/2013 9:00,Normal,0.283,5478
1/16/2013 9:30,Normal,0.271,5478
1/16/2013 10:00,Normal,0.265,5478
1/16/2013 10:30,Normal,0.264,5478
1/16/2013 11:00,Normal,0.259,5478
1/16/2013 11:30,Normal,0.257,5478
1/16/2013 12:00,Normal,0.26,5478
1/16/2013 12:30,Normal,0.255,5478
1/16/2013 13:00,Normal,0.262,5478
1/16/2013 13:30,Normal,0.264,5478
1/16/2013 14:00,Normal,0.257,5478
1/16/2013 14:30,Normal,0.254,5478
1/16/2013 15:00,Normal,0.253,5478
1/16/2013 15:30,Normal,0.254,5478
1/16/2013 16:00,Normal,0.274,5478
1/16/2013 16:30,Normal,0.309,5478
1/16/2013 17:00,Normal,0.352,5478
1/16/2013 17:30,Normal,0.39,5478
1/16/2013 18:00,Normal,0.413,5478
1/16/2013 18:30,Normal,0.433,5478
1/16/2013 19:00,Normal,0.438,5478
1/16/2013 19:30,Normal,0.44,5478
1/16/2013 20:00,Normal,0.427,5478
1/16/2013 20:30,Normal,0.425,5478
1/16/2013 21:00,Normal,0.411,5478
1/16/2013 21:30,Normal,0.392,5478
1/16/2013 22:00,Normal,0.374,5478
1/16/2013 22:30,Normal,0.35,5478
1/16/2013 23:00,High,0.31,5478
1/16/2013 23:30,High,0.264,5478
1/17/2013 0:00,High,0.26,5495
1/17/2013 0:30,High,0.227,5495
1/17/2013 1:00,High,0.203,5495
1/17/2013 1:30,High,0.18,5495
1/17/2013 2:00,Normal,0.168,5495
1/17/2013 2:30,Normal,0.161,5495
1/17/2013 3:00,Normal,0.154,5495
1/17/2013 3:30,Normal,0.151,5495
1/17/2013 4:00,Normal,0.149,5495
1/17/2013 4:30,Normal,0.148,5495
1/17/2013 5:00,Normal,0.151,5495
1/17/2013 5:30,Normal,0.162,5495
1/17/2013 6:00,Normal,0.178,5495
1/17/2013 6:30,Normal,0.203,5495
1/17/2013 7:00,Normal,0.23,5495
1/17/2013 7:30,Normal,0.273,5495
1/17/2013 8:00,Normal,0.303,5495
1/17/2013 8:30,Normal,0.308,5495
1/17/2013 9:00,Normal,0.284,5495
1/17/2013 9:30,Normal,0.277,5495
1/17/2013 10:00,Normal,0.273,5495
1/17/2013 10:30,Normal,0.261,5495
1/17/2013 11:00,Normal,0.256,5495
1/17/2013 11:30,Normal,0.254,5495
1/17/2013 12:00,Normal,0.254,5495
1/17/2013 12:30,Normal,0.259,5495
1/17/2013 13:00,Normal,0.255,5495
1/17/2013 13:30,Normal,0.252,5495
1/17/2013 14:00,Normal,0.254,5495
1/17/2013 14:30,Normal,0.262,5495
1/17/2013 15:00,Normal,0.261,5495
1/17/2013 15:30,Normal,0.268,5495
1/17/2013 16:00,Normal,0.289,5495
1/17/2013 16:30,Normal,0.315,5495
1/17/2013 17:00,Normal,0.352,5495
1/17/2013 17:30,Normal,0.39,5495
1/17/2013 18:00,Normal,0.408,5495
1/17/2013 18:30,Normal,0.424,5495
1/17/2013 19:00,Normal,0.435,5495
1/17/2013 19:30,Normal,0.442,5495
1/17/2013 20:00,Normal,0.427,5495
1/17/2013 20:30,Normal,0.421,5495
1/17/2013 21:00,Normal,0.407,5495
1/17/2013 21:30,Normal,0.392,5495
1/17/2013 22:00,Normal,0.373,5495
1/17/2013 22:30,Normal,0.35,5495
1/17/2013 23:00,Normal,0.313,5495
1/17/2013 23:30,Normal,0.268,5495
1/18/2013 0:00,Normal,0.265,5372
1/18/2013 0:30,Normal,0.234,5372
1/18/2013 1:00,Normal,0.208,5372
1/18/2013 1:30,Normal,0.184,5372
1/18/2013 2:00,Normal,0.172,5372
1/18/2013 2:30,Normal,0.162,5372
1/18/2013 3:00,Normal,0.158,5372
1/18/2013 3:30,Normal,0.153,5372
1/18/2013 4:00,Normal,0.151,5372
1/18/2013 4:30,Normal,0.149,5372
1/18/2013 5:00,Normal,0.152,5372
1/18/2013 5:30,Normal,0.16,5372
1/18/2013 6:00,Normal,0.175,5372
1/18/2013 6:30,Normal,0.201,5372
1/18/2013 7:00,Normal,0.227,5372
1/18/2013 7:30,Normal,0.269,5372
1/18/2013 8:00,Normal,0.296,5372
1/18/2013 8:30,Normal,0.307,5372
1/18/2013 9:00,Normal,0.303,5372
1/18/2013 9:30,Normal,0.299,5372
1/18/2013 10:00,Normal,0.289,5372
1/18/2013 10:30,Normal,0.29,5372
1/18/2013 11:00,Normal,0.291,5372
1/18/2013 11:30,Normal,0.292,5372
1/18/2013 12:00,Normal,0.301,5372
1/18/2013 12:30,Normal,0.31,5372
1/18/2013 13:00,Normal,0.313,5372
1/18/2013 13:30,Normal,0.311,5372
1/18/2013 14:00,Normal,0.305,5372
1/18/2013 14:30,Normal,0.301,5372
1/18/2013 15:00,Normal,0.298,5372
1/18/2013 15:30,Normal,0.309,5372
1/18/2013 16:00,Normal,0.325,5372
1/18/2013 16:30,Normal,0.362,5372
1/18/2013 17:00,Normal,0.402,5372
1/18/2013 17:30,Normal,0.431,5372
1/18/2013 18:00,Normal,0.445,5372
1/18/2013 18:30,Normal,0.464,5372
1/18/2013 19:00,Normal,0.464,5372
1/18/2013 19:30,Normal,0.455,5372
1/18/2013 20:00,Normal,0.439,5372
1/18/2013 20:30,Normal,0.42,5372
1/18/2013 21:00,Normal,0.405,5372
1/18/2013 21:30,Normal,0.388,5372
1/18/2013 22:00,Normal,0.364,5372
1/18/2013 22:30,Normal,0.346,5372
1/18/2013 23:00,Normal,0.312,5372
1/18/2013 23:30,Normal,0.279,5372
1/19/2013 0:00,Normal,0.276,5498
1/19/2013 0:30,Normal,0.247,5498
1/19/2013 1:00,Normal,0.219,5498
1/19/2013 1:30,Normal,0.198,5498
1/19/2013 2:00,Normal,0.185,5498
1/19/2013 2:30,Normal,0.169,5498
1/19/2013 3:00,Normal,0.163,5498
1/19/2013 3:30,Normal,0.158,5498
1/19/2013 4:00,Normal,0.154,5498
1/19/2013 4:30,Normal,0.154,5498
1/19/2013 5:00,Low,0.154,5498
1/19/2013 5:30,Low,0.157,5498
1/19/2013 6:00,Low,0.162,5498
1/19/2013 6:30,Low,0.175,5498
1/19/2013 7:00,Low,0.182,5498
1/19/2013 7:30,Low,0.203,5498
1/19/2013 8:00,Low,0.23,5498
1/19/2013 8:30,Low,0.269,5498
1/19/2013 9:00,Low,0.298,5498
1/19/2013 9:30,Low,0.321,5498
1/19/2013 10:00,Low,0.34,5498
1/19/2013 10:30,Low,0.351,5498
1/19/2013 11:00,Low,0.363,5498
1/19/2013 11:30,Low,0.364,5498
1/19/2013 12:00,Low,0.368,5498
1/19/2013 12:30,Low,0.371,5498
1/19/2013 13:00,Low,0.372,5498
1/19/2013 13:30,Low,0.377,5498
1/19/2013 14:00,Low,0.377,5498
1/19/2013 14:30,Low,0.375,5498
1/19/2013 15:00,Low,0.37,5498
1/19/2013 15:30,Low,0.372,5498
1/19/2013 16:00,Low,0.386,5498
1/19/2013 16:30,Low,0.403,5498
1/19/2013 17:00,High,0.418,5498
1/19/2013 17:30,High,0.428,5498
1/19/2013 18:00,High,0.436,5498
1/19/2013 18:30,High,0.444,5498
1/19/2013 19:00,High,0.437,5498
1/19/2013 19:30,High,0.433,5498
1/19/2013 20:00,High,0.415,5498
1/19/2013 20:30,High,0.402,5498
1/19/2013 21:00,High,0.387,5498
1/19/2013 21:30,High,0.367,5498
1/19/2013 22:00,High,0.351,5498
1/19/2013 22:30,High,0.332,5498
1/19/2013 23:00,Low,0.308,5498
1/19/2013 23:30,Low,0.284,5498
1/20/2013 0:00,Low,0.283,5478
1/20/2013 0:30,Low,0.253,5478
1/20/2013 1:00,Low,0.227,5478
1/20/2013 1:30,Low,0.206,5478
1/20/2013 2:00,Low,0.186,5478
1/20/2013 2:30,Low,0.175,5478
1/20/2013 3:00,Low,0.168,5478
1/20/2013 3:30,Low,0.159,5478
1/20/2013 4:00,Low,0.155,5478
1/20/2013 4:30,Low,0.152,5478
1/20/2013 5:00,Low,0.152,5478
1/20/2013 5:30,Low,0.155,5478
1/20/2013 6:00,Low,0.159,5478
1/20/2013 6:30,Low,0.17,5478
1/20/2013 7:00,Low,0.173,5478
1/20/2013 7:30,Low,0.191,5478
1/20/2013 8:00,Low,0.216,5478
1/20/2013 8:30,Low,0.255,5478
1/20/2013 9:00,Low,0.286,5478
1/20/2013 9:30,Low,0.314,5478
1/20/2013 10:00,Low,0.336,5478
1/20/2013 10:30,Low,0.346,5478
1/20/2013 11:00,Low,0.354,5478
1/20/2013 11:30,Low,0.366,5478
1/20/2013 12:00,Low,0.373,5478
1/20/2013 12:30,Low,0.388,5478
1/20/2013 13:00,Low,0.398,5478
1/20/2013 13:30,Low,0.393,5478
1/20/2013 14:00,Low,0.387,5478
1/20/2013 14:30,Low,0.387,5478
1/20/2013 15:00,Low,0.385,5478
1/20/2013 15:30,Low,0.381,5478
1/20/2013 16:00,Low,0.389,5478
1/20/2013 16:30,Low,0.404,5478
1/20/2013 17:00,High,0.437,5478
1/20/2013 17:30,High,0.453,5478
1/20/2013 18:00,High,0.467,5478
1/20/2013 18:30,High,0.474,5478
1/20/2013 19:00,High,0.471,5478
1/20/2013 19:30,High,0.457,5478
1/20/2013 20:00,High,0.439,5478
1/20/2013 20:30,High,0.427,5478
1/20/2013 21:00,High,0.411,5478
1/20/2013 21:30,High,0.396,5478
1/20/2013 22:00,High,0.368,5478
1/20/2013 22:30,High,0.342,5478
1/20/2013 23:00,Low,0.303,5478
1/20/2013 23:30,Low,0.269,5478
1/21/2013 0:00,Low,0.263,5493
1/21/2013 0:30,Low,0.233,5493
1/21/2013 1:00,Low,0.208,5493
1/21/2013 1:30,Low,0.187,5493
1/21/2013 2:00,Low,0.174,5493
1/21/2013 2:30,Low,0.163,5493
1/21/2013 3:00,Low,0.156,5493
1/21/2013 3:30,Low,0.149,5493
1/21/2013 4:00,Low,0.149,5493
1/21/2013 4:30,Low,0.147,5493
1/21/2013 5:00,Normal,0.147,5493
1/21/2013 5:30,Normal,0.155,5493
1/21/2013 6:00,Normal,0.17,5493
1/21/2013 6:30,Normal,0.195,5493
1/21/2013 7:00,Normal,0.22,5493
1/21/2013 7:30,Normal,0.255,5493
1/21/2013 8:00,Normal,0.286,5493
1/21/2013 8:30,Normal,0.303,5493
1/21/2013 9:00,Normal,0.293,5493
1/21/2013 9:30,Normal,0.293,5493
1/21/2013 10:00,Normal,0.3,5493
1/21/2013 10:30,Normal,0.292,5493
1/21/2013 11:00,Normal,0.279,5493
1/21/2013 11:30,Normal,0.283,5493
1/21/2013 12:00,Normal,0.284,5493
1/21/2013 12:30,Normal,0.287,5493
1/21/2013 13:00,Normal,0.28,5493
1/21/2013 13:30,Normal,0.282,5493
1/21/2013 14:00,Normal,0.274,5493
1/21/2013 14:30,Normal,0.275,5493
1/21/2013 15:00,Normal,0.274,5493
1/21/2013 15:30,Normal,0.276,5493
1/21/2013 16:00,Normal,0.285,5493
1/21/2013 16:30,Normal,0.318,5493
1/21/2013 17:00,Normal,0.36,5493
1/21/2013 17:30,Normal,0.402,5493
1/21/2013 18:00,Normal,0.427,5493
1/21/2013 18:30,Normal,0.446,5493
1/21/2013 19:00,Normal,0.459,5493
1/21/2013 19:30,Normal,0.45,5493
1/21/2013 20:00,Normal,0.438,5493
1/21/2013 20:30,Normal,0.423,5493
1/21/2013 21:00,Normal,0.416,5493
1/21/2013 21:30,Normal,0.395,5493
1/21/2013 22:00,Normal,0.377,5493
1/21/2013 22:30,Normal,0.347,5493
1/21/2013 23:00,Normal,0.305,5493
1/21/2013 23:30,Normal,0.261,5493
1/22/2013 0:00,Normal,0.257,5474
1/22/2013 0:30,Normal,0.226,5474
1/22/2013 1:00,Normal,0.202,5474
1/22/2013 1:30,Normal,0.184,5474
1/22/2013 2:00,Normal,0.172,5474
1/22/2013 2:30,Normal,0.162,5474
1/22/2013 3:00,Normal,0.157,5474
1/22/2013 3:30,Normal,0.151,5474
1/22/2013 4:00,Normal,0.149,5474
1/22/2013 4:30,Normal,0.151,5474
1/22/2013 5:00,Normal,0.15,5474
1/22/2013 5:30,Normal,0.162,5474
1/22/2013 6:00,Normal,0.175,5474
1/22/2013 6:30,Normal,0.201,5474
1/22/2013 7:00,Normal,0.227,5474
1/22/2013 7:30,Normal,0.267,5474
1/22/2013 8:00,Normal,0.294,5474
1/22/2013 8:30,Normal,0.298,5474
1/22/2013 9:00,Normal,0.289,5474
1/22/2013 9:30,Normal,0.284,5474
1/22/2013 10:00,Normal,0.282,5474
1/22/2013 10:30,Normal,0.267,5474
1/22/2013 11:00,Normal,0.268,5474
1/22/2013 11:30,Normal,0.266,5474
1/22/2013 12:00,Normal,0.271,5474
1/22/2013 12:30,Normal,0.279,5474
1/22/2013 13:00,Normal,0.276,5474
1/22/2013 13:30,Normal,0.274,5474
1/22/2013 14:00,Normal,0.27,5474
1/22/2013 14:30,Normal,0.27,5474
1/22/2013 15:00,Normal,0.271,5474
1/22/2013 15:30,Normal,0.285,5474
1/22/2013 16:00,Normal,0.301,5474
1/22/2013 16:30,Normal,0.335,5474
1/22/2013 17:00,Normal,0.369,5474
1/22/2013 17:30,Normal,0.398,5474
1/22/2013 18:00,Normal,0.413,5474
1/22/2013 18:30,Normal,0.443,5474
1/22/2013 19:00,Normal,0.453,5474
1/22/2013 19:30,Normal,0.447,5474
1/22/2013 20:00,Normal,0.434,5474
1/22/2013 20:30,Normal,0.429,5474
1/22/2013 21:00,Normal,0.412,5474
1/22/2013 21:30,Normal,0.395,5474
1/22/2013 22:00,Normal,0.367,5474
1/22/2013 22:30,Normal,0.348,5474
1/22/2013 23:00,Normal,0.308,5474
1/22/2013 23:30,Normal,0.267,5474
1/23/2013 0:00,Normal,0.259,5481
1/23/2013 0:30,Normal,0.226,5481
1/23/2013 1:00,Normal,0.202,5481
1/23/2013 1:30,Normal,0.182,5481
1/23/2013 2:00,Normal,0.17,5481
1/23/2013 2:30,Normal,0.159,5481
1/23/2013 3:00,Normal,0.155,5481
1/23/2013 3:30,Normal,0.151,5481
1/23/2013 4:00,Normal,0.148,5481
1/23/2013 4:30,Normal,0.146,5481
1/23/2013 5:00,Normal,0.149,5481
1/23/2013 5:30,Normal,0.158,5481
1/23/2013 6:00,Normal,0.17,5481
1/23/2013 6:30,Normal,0.198,5481
1/23/2013 7:00,Normal,0.225,5481
1/23/2013 7:30,Normal,0.266,5481
1/23/2013 8:00,Normal,0.293,5481
1/23/2013 8:30,Normal,0.303,5481
1/23/2013 9:00,Normal,0.284,5481
1/23/2013 9:30,Normal,0.277,5481
1/23/2013 10:00,Normal,0.269,5481
1/23/2013 10:30,Normal,0.265,5481
1/23/2013 11:00,Normal,0.264,5481
1/23/2013 11:30,Normal,0.262,5481
1/23/2013 12:00,Normal,0.267,5481
1/23/2013 12:30,Normal,0.271,5481
1/23/2013 13:00,Normal,0.276,5481
1/23/2013 13:30,Normal,0.274,5481
1/23/2013 14:00,Normal,0.27,5481
1/23/2013 14:30,Normal,0.271,5481
1/23/2013 15:00,Normal,0.269,5481
1/23/2013 15:30,Normal,0.28,5481
1/23/2013 16:00,Normal,0.295,5481
1/23/2013 16:30,Normal,0.324,5481
1/23/2013 17:00,Normal,0.36,5481
1/23/2013 17:30,Normal,0.39,5481
1/23/2013 18:00,Normal,0.407,5481
1/23/2013 18:30,Normal,0.43,5481
1/23/2013 19:00,Normal,0.441,5481
1/23/2013 19:30,Normal,0.435,5481
1/23/2013 20:00,Normal,0.424,5481
1/23/2013 20:30,Normal,0.414,5481
1/23/2013 21:00,Normal,0.4,5481
1/23/2013 21:30,Normal,0.38,5481
1/23/2013 22:00,Normal,0.37,5481
1/23/2013 22:30,Normal,0.343,5481
1/23/2013 23:00,Normal,0.304,5481
1/23/2013 23:30,Normal,0.263,5481
1/24/2013 0:00,Normal,0.261,5485
1/24/2013 0:30,Normal,0.228,5485
1/24/2013 1:00,Normal,0.2,5485
1/24/2013 1:30,Normal,0.183,5485
1/24/2013 2:00,Normal,0.167,5485
1/24/2013 2:30,Normal,0.159,5485
1/24/2013 3:00,Normal,0.153,5485
1/24/2013 3:30,Normal,0.149,5485
1/24/2013 4:00,Normal,0.146,5485
1/24/2013 4:30,Normal,0.146,5485
1/24/2013 5:00,Normal,0.148,5485
1/24/2013 5:30,Normal,0.159,5485
1/24/2013 6:00,Normal,0.172,5485
1/24/2013 6:30,Normal,0.201,5485
1/24/2013 7:00,Normal,0.223,5485
1/24/2013 7:30,Normal,0.266,5485
1/24/2013 8:00,Normal,0.293,5485
1/24/2013 8:30,Normal,0.301,5485
1/24/2013 9:00,Normal,0.29,5485
1/24/2013 9:30,Normal,0.284,5485
1/24/2013 10:00,Normal,0.279,5485
1/24/2013 10:30,Normal,0.274,5485
1/24/2013 11:00,Normal,0.271,5485
1/24/2013 11:30,Normal,0.27,5485
1/24/2013 12:00,Normal,0.271,5485
1/24/2013 12:30,Normal,0.281,5485
1/24/2013 13:00,Normal,0.276,5485
1/24/2013 13:30,Normal,0.277,5485
1/24/2013 14:00,Normal,0.276,5485
1/24/2013 14:30,Normal,0.269,5485
1/24/2013 15:00,Normal,0.269,5485
1/24/2013 15:30,Normal,0.275,5485
1/24/2013 16:00,Normal,0.287,5485
1/24/2013 16:30,Normal,0.322,5485
1/24/2013 17:00,Normal,0.361,5485
1/24/2013 17:30,Normal,0.39,5485
1/24/2013 18:00,Normal,0.403,5485
1/24/2013 18:30,Normal,0.428,5485
1/24/2013 19:00,Normal,0.433,5485
1/24/2013 19:30,Normal,0.429,5485
1/24/2013 20:00,Normal,0.417,5485
1/24/2013 20:30,Normal,0.41,5485
1/24/2013 21:00,Normal,0.4,5485
1/24/2013 21:30,Normal,0.387,5485
1/24/2013 22:00,Normal,0.369,5485
1/24/2013 22:30,Normal,0.344,5485
1/24/2013 23:00,Normal,0.307,5485
1/24/2013 23:30,Normal,0.268,5485
1/25/2013 0:00,Normal,0.261,5462
1/25/2013 0:30,Normal,0.226,5462
1/25/2013 1:00,Normal,0.201,5462
1/25/2013 1:30,Normal,0.183,5462
1/25/2013 2:00,Normal,0.171,5462
1/25/2013 2:30,Normal,0.161,5462
1/25/2013 3:00,Normal,0.155,5462
1/25/2013 3:30,Normal,0.149,5462
1/25/2013 4:00,Normal,0.146,5462
1/25/2013 4:30,Normal,0.146,5462
1/25/2013 5:00,Low,0.146,5462
1/25/2013 5:30,Low,0.158,5462
1/25/2013 6:00,Low,0.172,5462
1/25/2013 6:30,Low,0.201,5462
1/25/2013 7:00,Low,0.226,5462
1/25/2013 7:30,Low,0.267,5462
1/25/2013 8:00,Low,0.299,5462
1/25/2013 8:30,Low,0.31,5462
1/25/2013 9:00,Low,0.305,5462
1/25/2013 9:30,Low,0.296,5462
1/25/2013 10:00,Low,0.293,5462
1/25/2013 10:30,Low,0.283,5462
1/25/2013 11:00,Normal,0.281,5462
1/25/2013 11:30,Normal,0.275,5462
1/25/2013 12:00,Normal,0.275,5462
1/25/2013 12:30,Normal,0.274,5462
1/25/2013 13:00,Normal,0.275,5462
1/25/2013 13:30,Normal,0.275,5462
1/25/2013 14:00,Normal,0.274,5462
1/25/2013 14:30,Normal,0.27,5462
1/25/2013 15:00,Normal,0.267,5462
1/25/2013 15:30,Normal,0.273,5462
1/25/2013 16:00,Normal,0.287,5462
1/25/2013 16:30,Normal,0.318,5462
1/25/2013 17:00,Normal,0.356,5462
1/25/2013 17:30,Normal,0.39,5462
1/25/2013 18:00,Normal,0.409,5462
1/25/2013 18:30,Normal,0.425,5462
1/25/2013 19:00,Normal,0.438,5462
1/25/2013 19:30,Normal,0.432,5462
1/25/2013 20:00,Normal,0.418,5462
1/25/2013 20:30,Normal,0.407,5462
1/25/2013 21:00,Normal,0.391,5462
1/25/2013 21:30,Normal,0.381,5462
1/25/2013 22:00,Normal,0.367,5462
1/25/2013 22:30,Normal,0.343,5462
1/25/2013 23:00,Normal,0.313,5462
1/25/2013 23:30,Normal,0.277,5462
1/26/2013 0:00,Normal,0.273,5450
1/26/2013 0:30,Normal,0.242,5450
1/26/2013 1:00,Normal,0.215,5450
1/26/2013 1:30,Normal,0.195,5450
1/26/2013 2:00,Normal,0.18,5450
1/26/2013 2:30,Normal,0.168,5450
1/26/2013 3:00,Normal,0.16,5450
1/26/2013 3:30,Normal,0.154,5450
1/26/2013 4:00,Normal,0.148,5450
1/26/2013 4:30,Normal,0.147,5450
1/26/2013 5:00,Normal,0.145,5450
1/26/2013 5:30,Normal,0.15,5450
1/26/2013 6:00,Normal,0.158,5450
1/26/2013 6:30,Normal,0.169,5450
1/26/2013 7:00,Normal,0.178,5450
1/26/2013 7:30,Normal,0.198,5450
1/26/2013 8:00,Normal,0.229,5450
1/26/2013 8:30,Normal,0.259,5450
1/26/2013 9:00,Normal,0.274,5450
1/26/2013 9:30,Normal,0.286,5450
1/26/2013 10:00,Normal,0.297,5450
1/26/2013 10:30,Normal,0.287,5450
1/26/2013 11:00,Normal,0.286,5450
1/26/2013 11:30,Normal,0.287,5450
1/26/2013 12:00,Normal,0.282,5450
1/26/2013 12:30,Normal,0.285,5450
1/26/2013 13:00,Normal,0.285,5450
1/26/2013 13:30,Normal,0.275,5450
1/26/2013 14:00,Normal,0.28,5450
1/26/2013 14:30,Normal,0.277,5450
1/26/2013 15:00,Normal,0.271,5450
1/26/2013 15:30,Normal,0.281,5450
1/26/2013 16:00,Normal,0.286,5450
1/26/2013 16:30,Normal,0.31,5450
1/26/2013 17:00,Normal,0.336,5450
1/26/2013 17:30,Normal,0.374,5450
1/26/2013 18:00,Normal,0.389,5450
1/26/2013 18:30,Normal,0.409,5450
1/26/2013 19:00,Normal,0.409,5450
1/26/2013 19:30,Normal,0.401,5450
1/26/2013 20:00,Normal,0.383,5450
1/26/2013 20:30,Normal,0.368,5450
1/26/2013 21:00,Normal,0.356,5450
1/26/2013 21:30,Normal,0.342,5450
1/26/2013 22:00,Normal,0.328,5450
1/26/2013 22:30,Normal,0.315,5450
1/26/2013 23:00,Normal,0.284,5450
1/26/2013 23:30,Normal,0.254,5450
1/27/2013 0:00,Normal,0.259,5484
1/27/2013 0:30,Normal,0.234,5484
1/27/2013 1:00,Normal,0.21,5484
1/27/2013 1:30,Normal,0.185,5484
1/27/2013 2:00,Normal,0.167,5484
1/27/2013 2:30,Normal,0.157,5484
1/27/2013 3:00,Normal,0.15,5484
1/27/2013 3:30,Normal,0.141,5484
1/27/2013 4:00,Normal,0.136,5484
1/27/2013 4:30,Normal,0.137,5484
1/27/2013 5:00,Normal,0.133,5484
1/27/2013 5:30,Normal,0.135,5484
1/27/2013 6:00,Normal,0.142,5484
1/27/2013 6:30,Normal,0.154,5484
1/27/2013 7:00,Normal,0.155,5484
1/27/2013 7:30,Normal,0.173,5484
1/27/2013 8:00,Normal,0.196,5484
1/27/2013 8:30,Normal,0.221,5484
1/27/2013 9:00,Normal,0.254,5484
1/27/2013 9:30,Normal,0.278,5484
1/27/2013 10:00,Normal,0.282,5484
1/27/2013 10:30,Normal,0.29,5484
1/27/2013 11:00,Normal,0.289,5484
1/27/2013 11:30,Normal,0.29,5484
1/27/2013 12:00,Normal,0.296,5484
1/27/2013 12:30,Normal,0.302,5484
1/27/2013 13:00,Normal,0.299,5484
1/27/2013 13:30,Normal,0.304,5484
1/27/2013 14:00,Normal,0.302,5484
1/27/2013 14:30,Normal,0.299,5484
1/27/2013 15:00,Normal,0.292,5484
1/27/2013 15:30,Normal,0.295,5484
1/27/2013 16:00,Normal,0.304,5484
1/27/2013 16:30,Normal,0.329,5484
1/27/2013 17:00,Normal,0.369,5484
1/27/2013 17:30,Normal,0.396,5484
1/27/2013 18:00,Normal,0.409,5484
1/27/2013 18:30,Normal,0.425,5484
1/27/2013 19:00,Normal,0.422,5484
1/27/2013 19:30,Normal,0.424,5484
1/27/2013 20:00,Normal,0.411,5484
1/27/2013 20:30,Normal,0.393,5484
1/27/2013 21:00,Normal,0.368,5484
1/27/2013 21:30,Normal,0.358,5484
1/27/2013 22:00,Normal,0.34,5484
1/27/2013 22:30,Normal,0.314,5484
1/27/2013 23:00,Normal,0.278,5484
1/27/2013 23:30,Normal,0.24,5484
1/28/2013 0:00,Normal,0.234,5482
1/28/2013 0:30,Normal,0.204,5482
1/28/2013 1:00,Normal,0.181,5482
1/28/2013 1:30,Normal,0.163,5482
1/28/2013 2:00,Normal,0.154,5482
1/28/2013 2:30,Normal,0.143,5482
1/28/2013 3:00,Normal,0.136,5482
1/28/2013 3:30,Normal,0.133,5482
1/28/2013 4:00,Normal,0.13,5482
1/28/2013 4:30,Normal,0.131,5482
1/28/2013 5:00,Normal,0.134,5482
1/28/2013 5:30,Normal,0.143,5482
1/28/2013 6:00,Normal,0.157,5482
1/28/2013 6:30,Normal,0.183,5482
1/28/2013 7:00,Normal,0.207,5482
1/28/2013 7:30,Normal,0.248,5482
1/28/2013 8:00,Normal,0.267,5482
1/28/2013 8:30,Normal,0.267,5482
1/28/2013 9:00,Normal,0.252,5482
1/28/2013 9:30,Normal,0.239,5482
1/28/2013 10:00,Normal,0.24,5482
1/28/2013 10:30,Normal,0.231,5482
1/28/2013 11:00,Low,0.228,5482
1/28/2013 11:30,Low,0.24,5482
1/28/2013 12:00,Low,0.241,5482
1/28/2013 12:30,Low,0.251,5482
1/28/2013 13:00,Low,0.255,5482
1/28/2013 13:30,Low,0.257,5482
1/28/2013 14:00,Low,0.258,5482
1/28/2013 14:30,Low,0.256,5482
1/28/2013 15:00,Low,0.26,5482
1/28/2013 15:30,Low,0.262,5482
1/28/2013 16:00,Low,0.283,5482
1/28/2013 16:30,Low,0.315,5482
1/28/2013 17:00,Low,0.341,5482
1/28/2013 17:30,Low,0.376,5482
1/28/2013 18:00,Low,0.392,5482
1/28/2013 18:30,Low,0.413,5482
1/28/2013 19:00,Low,0.413,5482
1/28/2013 19:30,Low,0.417,5482
1/28/2013 20:00,Low,0.408,5482
1/28/2013 20:30,Low,0.39,5482
1/28/2013 21:00,Low,0.385,5482
1/28/2013 21:30,Low,0.365,5482
1/28/2013 22:00,Low,0.342,5482
1/28/2013 22:30,Low,0.322,5482
1/28/2013 23:00,Normal,0.278,5482
1/28/2013 23:30,Normal,0.234,5482
1/29/2013 0:00,Normal,0.23,5341
1/29/2013 0:30,Normal,0.205,5341
1/29/2013 1:00,Normal,0.179,5341
1/29/2013 1:30,Normal,0.161,5341
1/29/2013 2:00,Normal,0.149,5341
1/29/2013 2:30,Normal,0.14,5341
1/29/2013 3:00,Normal,0.133,5341
1/29/2013 3:30,Normal,0.129,5341
1/29/2013 4:00,Normal,0.129,5341
1/29/2013 4:30,Normal,0.128,5341
1/29/2013 5:00,Low,0.129,5341
1/29/2013 5:30,Low,0.139,5341
1/29/2013 6:00,Low,0.151,5341
1/29/2013 6:30,Low,0.177,5341
1/29/2013 7:00,High,0.2,5341
1/29/2013 7:30,High,0.241,5341
1/29/2013 8:00,High,0.266,5341
1/29/2013 8:30,High,0.264,5341
1/29/2013 9:00,High,0.245,5341
1/29/2013 9:30,High,0.229,5341
1/29/2013 10:00,Low,0.227,5341
1/29/2013 10:30,Low,0.231,5341
1/29/2013 11:00,Low,0.225,5341
1/29/2013 11:30,Low,0.227,5341
1/29/2013 12:00,Low,0.224,5341
1/29/2013 12:30,Low,0.231,5341
1/29/2013 13:00,Low,0.232,5341
1/29/2013 13:30,Low,0.231,5341
1/29/2013 14:00,Low,0.232,5341
1/29/2013 14:30,Low,0.233,5341
1/29/2013 15:00,Low,0.232,5341
1/29/2013 15:30,Low,0.239,5341
1/29/2013 16:00,Low,0.253,5341
1/29/2013 16:30,Low,0.278,5341
1/29/2013 17:00,Low,0.312,5341
1/29/2013 17:30,Low,0.345,5341
1/29/2013 18:00,Low,0.358,5341
1/29/2013 18:30,Low,0.38,5341
1/29/2013 19:00,Low,0.387,5341
1/29/2013 19:30,Low,0.385,5341
1/29/2013 20:00,Low,0.37,5341
1/29/2013 20:30,Low,0.362,5341
1/29/2013 21:00,Low,0.35,5341
1/29/2013 21:30,Low,0.34,5341
1/29/2013 22:00,Low,0.323,5341
1/29/2013 22:30,Low,0.298,5341
1/29/2013 23:00,Low,0.264,5341
1/29/2013 23:30,Low,0.226,5341
1/30/2013 0:00,Low,0.222,5441
1/30/2013 0:30,Low,0.195,5441
1/30/2013 1:00,Low,0.172,5441
1/30/2013 1:30,Low,0.153,5441
1/30/2013 2:00,Low,0.141,5441
1/30/2013 2:30,Low,0.132,5441
1/30/2013 3:00,Low,0.125,5441
1/30/2013 3:30,Low,0.123,5441
1/30/2013 4:00,Low,0.121,5441
1/30/2013 4:30,Low,0.119,5441
1/30/2013 5:00,Normal,0.122,5441
1/30/2013 5:30,Normal,0.13,5441
1/30/2013 6:00,Normal,0.143,5441
1/30/2013 6:30,Normal,0.169,5441
1/30/2013 7:00,Normal,0.195,5441
1/30/2013 7:30,Normal,0.237,5441
1/30/2013 8:00,Normal,0.251,5441
1/30/2013 8:30,Normal,0.252,5441
1/30/2013 9:00,Normal,0.232,5441
1/30/2013 9:30,Normal,0.229,5441
1/30/2013 10:00,Normal,0.22,5441
1/30/2013 10:30,Normal,0.217,5441
1/30/2013 11:00,Normal,0.21,5441
1/30/2013 11:30,Normal,0.206,5441
1/30/2013 12:00,Normal,0.204,5441
1/30/2013 12:30,Normal,0.205,5441
1/30/2013 13:00,Normal,0.206,5441
1/30/2013 13:30,Normal,0.208,5441
1/30/2013 14:00,Normal,0.205,5441
1/30/2013 14:30,Normal,0.204,5441
1/30/2013 15:00,Normal,0.201,5441
1/30/2013 15:30,Normal,0.207,5441
1/30/2013 16:00,Normal,0.218,5441
1/30/2013 16:30,Normal,0.239,5441
1/30/2013 17:00,Normal,0.276,5441
1/30/2013 17:30,Normal,0.328,5441
1/30/2013 18:00,Normal,0.355,5441
1/30/2013 18:30,Normal,0.381,5441
1/30/2013 19:00,Normal,0.384,5441
1/30/2013 19:30,Normal,0.387,5441
1/30/2013 20:00,Normal,0.377,5441
1/30/2013 20:30,Normal,0.365,5441
1/30/2013 21:00,Normal,0.358,5441
1/30/2013 21:30,Normal,0.345,5441
1/30/2013 22:00,Normal,0.325,5441
1/30/2013 22:30,Normal,0.3,5441
1/30/2013 23:00,Normal,0.265,5441
1/30/2013 23:30,Normal,0.232,5441
1/31/2013 0:00,Normal,0.229,5472
1/31/2013 0:30,Normal,0.201,5472
1/31/2013 1:00,Normal,0.178,5472
1/31/2013 1:30,Normal,0.161,5472
1/31/2013 2:00,Normal,0.147,5472
1/31/2013 2:30,Normal,0.139,5472
1/31/2013 3:00,Normal,0.131,5472
1/31/2013 3:30,Normal,0.127,5472
1/31/2013 4:00,Normal,0.124,5472
1/31/2013 4:30,Normal,0.124,5472
1/31/2013 5:00,Normal,0.126,5472
1/31/2013 5:30,Normal,0.134,5472
1/31/2013 6:00,Normal,0.146,5472
1/31/2013 6:30,Normal,0.175,5472
1/31/2013 7:00,Normal,0.198,5472
1/31/2013 7:30,Normal,0.241,5472
1/31/2013 8:00,Normal,0.259,5472
1/31/2013 8:30,Normal,0.254,5472
1/31/2013 9:00,Normal,0.24,5472
1/31/2013 9:30,Normal,0.231,5472
1/31/2013 10:00,Normal,0.225,5472
1/31/2013 10:30,Normal,0.222,5472
1/31/2013 11:00,Normal,0.218,5472
1/31/2013 11:30,Normal,0.214,5472
1/31/2013 12:00,Normal,0.214,5472
1/31/2013 12:30,Normal,0.219,5472
1/31/2013 13:00,Normal,0.22,5472
1/31/2013 13:30,Normal,0.213,5472
1/31/2013 14:00,Normal,0.211,5472
1/31/2013 14:30,Normal,0.209,5472
1/31/2013 15:00,Normal,0.208,5472
1/31/2013 15:30,Normal,0.211,5472
1/31/2013 16:00,Normal,0.222,5472
1/31/2013 16:30,Normal,0.25,5472
1/31/2013 17:00,Normal,0.286,5472
1/31/2013 17:30,Normal,0.335,5472
1/31/2013 18:00,Normal,0.355,5472
1/31/2013 18:30,Normal,0.372,5472
1/31/2013 19:00,Normal,0.379,5472
1/31/2013 19:30,Normal,0.377,5472
1/31/2013 20:00,Normal,0.376,5472
1/31/2013 20:30,Normal,0.367,5472
1/31/2013 21:00,Normal,0.354,5472
1/31/2013 21:30,Normal,0.339,5472
1/31/2013 22:00,Normal,0.325,5472
1/31/2013 22:30,Normal,0.305,5472
1/31/2013 23:00,Normal,0.268,5472
1/31/2013 23:30,Normal,0.233,5472
